epoch,train_loss,valid_loss,error_rate,time
0,0.7189564108848572,1.2290085554122925,0.28947365283966064,00:10
1,0.5168412327766418,0.6517520546913147,0.10526317358016968,00:11
2,0.40750429034233093,0.3595086634159088,0.07894736528396606,00:11
3,0.316611111164093,0.2186552882194519,0.07894736528396606,00:09
